Feature,Importance
EEG Fp1_Complexity,0.08710309
EEG Fp2_Complexity,0.08479219
EEG Fp1_Beta,0.07340694
EEG Fp2_Delta,0.072065406
EEG F7_Mobility,0.071647815
EEG Fp2_Beta,0.06894107
EEG F7_Activity,0.065911055
EEG Fp2_Activity,0.064806595
EEG F8_Activity,0.06437975
EEG Fp1_Alpha,0.06341757
EEG Fp2_Mobility,0.062188916
EEG F7_Beta,0.05872253
EEG Fp2_Theta,0.058476564
EEG F7_Delta,0.05342099
EEG Fp1_Mobility,0.05071954
